{"cameraMode":{"drawMode":0,"name":"Shaded","section":"Shading Mode"},"sceneLighting":false,"audioPlay":false,"sceneViewState":{"showFog":false,"showMaterialUpdate":false,"showSkybox":false,"showFlares":false,"showImageEffects":false,"showParticleSystems":true},"in2DMode":false,"pivot":{"x":-0.9475416541099548,"y":0.1513499915599823,"z":0.660618245601654},"rotation":{"x":-0.2720737159252167,"y":0.2067374438047409,"z":-0.0599699430167675,"w":-0.9378908276557922},"size":0.15697267651557923,"orthographic":false}