{"cameraMode":{"drawMode":0,"name":"Shaded","section":"Shading Mode"},"sceneLighting":false,"audioPlay":false,"sceneViewState":{"showFog":false,"showMaterialUpdate":false,"showSkybox":false,"showFlares":false,"showImageEffects":false,"showParticleSystems":true},"in2DMode":false,"pivot":{"x":0.010200001299381256,"y":0.026799999177455903,"z":0.9421141147613525},"rotation":{"x":-0.5548667311668396,"y":0.2008991539478302,"z":-0.14020714163780213,"w":-0.7950500249862671},"size":0.23128525912761689,"orthographic":false}