{"cameraMode":{"drawMode":0,"name":"Shaded","section":"Shading Mode"},"sceneLighting":false,"audioPlay":false,"sceneViewState":{"showFog":false,"showMaterialUpdate":false,"showSkybox":false,"showFlares":false,"showImageEffects":false,"showParticleSystems":true},"in2DMode":false,"pivot":{"x":-202.0128631591797,"y":-0.11941088736057282,"z":-0.05428570508956909},"rotation":{"x":-0.2969449758529663,"y":0.008020133711397648,"z":-0.00249371025711298,"w":-0.9548577070236206},"size":0.36268287897109988,"orthographic":false}