{"cameraMode":{"drawMode":0,"name":"Shaded","section":"Shading Mode"},"sceneLighting":false,"audioPlay":false,"sceneViewState":{"showFog":false,"showMaterialUpdate":false,"showSkybox":false,"showFlares":false,"showImageEffects":false,"showParticleSystems":true},"in2DMode":false,"pivot":{"x":-0.1420000195503235,"y":0.3831000030040741,"z":0.15018749237060548},"rotation":{"x":-0.369243323802948,"y":0.02370283007621765,"z":-0.009419863112270832,"w":-0.9289827346801758},"size":0.0429152213037014,"orthographic":false}