{"cameraMode":{"drawMode":0,"name":"Shaded","section":"Shading Mode"},"sceneLighting":false,"audioPlay":false,"sceneViewState":{"showFog":false,"showMaterialUpdate":false,"showSkybox":false,"showFlares":false,"showImageEffects":false,"showParticleSystems":true},"in2DMode":false,"pivot":{"x":362.73565673828127,"y":735.0,"z":-98.04696655273438},"rotation":{"x":-0.36926865577697756,"y":-0.07432297617197037,"z":0.029642339795827867,"w":-0.9258715510368347},"size":2168.025146484375,"orthographic":false}