{"cameraMode":{"drawMode":0,"name":"Shaded","section":"Shading Mode"},"sceneLighting":false,"audioPlay":false,"sceneViewState":{"showFog":false,"showMaterialUpdate":false,"showSkybox":false,"showFlares":false,"showImageEffects":false,"showParticleSystems":true},"in2DMode":false,"pivot":{"x":-232.08782958984376,"y":20.57537841796875,"z":-1.5685882568359376},"rotation":{"x":-0.3872734606266022,"y":-0.02487974427640438,"z":0.010456780903041363,"w":-0.92156982421875},"size":126.49417877197266,"orthographic":false}