{"cameraMode":{"drawMode":0,"name":"Shaded","section":"Shading Mode"},"sceneLighting":false,"audioPlay":false,"sceneViewState":{"showFog":false,"showMaterialUpdate":false,"showSkybox":false,"showFlares":false,"showImageEffects":false,"showParticleSystems":true},"in2DMode":false,"pivot":{"x":0.03604968637228012,"y":-0.011039204895496369,"z":0.8244102001190186},"rotation":{"x":-0.5548667311668396,"y":0.2008991539478302,"z":-0.14020714163780213,"w":-0.7950500249862671},"size":1.4459084272384644,"orthographic":false}